turno,indice_jugador,jugador,dado1,dado2,suma,posicion_anterior,posicion_nueva,paso_salida,nombre_casilla,tipo_casilla,precio_casilla,color_casilla,compra_realizada,alquiler_realizado,alquiler_teorico,pago_real,dinero_inicial_turno,dinero_final_turno,propiedades_antes,propiedades_despues
1,1,ana,4,3,7,1,8,no,suerte2,suerte,0,ninguno,no,no,0,0,10000,10000,0,0
2,2,bob,1,3,4,1,5,no,impuesto1,impuesto,200,ninguno,no,no,0,0,10000,10000,0,0
3,3,carla,4,4,8,1,9,no,gris2,propiedad,100,gris,si,no,0,0,10000,9900,0,1
4,4,diego,3,2,5,1,6,no,estacion1,estacion,200,estacion,si,no,0,0,10000,9800,0,1
5,5,elena,3,4,7,1,8,no,suerte2,suerte,0,ninguno,no,no,0,0,10000,10000,0,0
6,6,fernando,2,3,5,1,6,no,estacion1,estacion,200,estacion,no,si,40,40,10000,9960,0,0
7,7,gema,3,1,4,1,5,no,impuesto1,impuesto,200,ninguno,no,no,0,0,10000,10000,0,0
8,8,hugo,6,2,8,1,9,no,gris2,propiedad,100,gris,no,si,20,20,10000,9980,0,0
9,9,irene,5,1,6,1,7,no,gris1,propiedad,100,gris,si,no,0,0,10000,9900,0,1
10,10,javier,1,1,2,1,3,no,suerte1,suerte,0,ninguno,no,no,0,0,10000,10000,0,0
11,1,ana,4,1,5,8,13,no,impuesto2,impuesto,150,ninguno,no,no,0,0,10000,10000,0,0
12,2,bob,1,5,6,5,11,no,visita_carcel,visita_carcel,0,ninguno,no,no,0,0,10000,10000,0,0
13,3,carla,4,6,10,9,19,no,naranja2,propiedad,180,naranja,si,no,0,0,9920,9740,1,2
14,4,diego,2,1,3,6,9,no,gris2,propiedad,100,gris,no,si,20,20,9840,9820,1,1
15,5,elena,6,5,11,8,19,no,naranja2,propiedad,180,naranja,no,si,36,36,10000,9964,0,0
16,6,fernando,2,1,3,6,9,no,gris2,propiedad,100,gris,no,si,20,20,9960,9940,0,0
17,7,gema,6,4,10,5,15,no,rosa3,propiedad,160,rosa,si,no,0,0,10000,9840,0,1
18,8,hugo,5,3,8,9,17,no,naranja1,propiedad,180,naranja,si,no,0,0,9980,9800,0,1
19,9,irene,1,2,3,7,10,no,gris3,propiedad,120,gris,si,no,0,0,9900,9780,1,2
20,10,javier,3,4,7,3,10,no,gris3,propiedad,120,gris,no,si,24,24,10000,9976,0,0
21,1,ana,1,4,5,13,18,no,suerte3,suerte,0,ninguno,no,no,0,0,10000,10000,0,0
22,2,bob,5,6,11,11,22,no,rojo1,propiedad,220,rojo,si,no,0,0,10000,9780,0,1
23,3,carla,4,2,6,19,25,no,rojo3,propiedad,240,rojo,si,no,0,0,9816,9576,2,3
24,4,diego,3,6,9,9,18,no,suerte3,suerte,0,ninguno,no,no,0,0,9820,9820,1,1
25,5,elena,2,4,6,19,25,no,rojo3,propiedad,240,rojo,no,si,48,48,9964,9916,0,0
26,6,fernando,6,1,7,9,16,no,estacion2,estacion,200,estacion,si,no,0,0,9940,9740,0,1
27,7,gema,5,1,6,15,21,no,parking,parking,0,ninguno,no,no,0,0,9840,9840,1,1
28,8,hugo,1,1,2,17,19,no,naranja2,propiedad,180,naranja,no,si,36,36,9800,9764,1,1
29,9,irene,4,5,9,10,19,no,naranja2,propiedad,180,naranja,no,si,36,36,9804,9768,2,2
30,10,javier,2,5,7,10,17,no,naranja1,propiedad,180,naranja,no,si,36,36,9976,9940,0,0
31,1,ana,3,5,8,18,26,no,estacion3,estacion,200,estacion,si,no,0,0,10000,9800,0,1
32,2,bob,2,6,8,22,30,no,amarillo3,propiedad,280,amarillo,si,no,0,0,9780,9500,1,2
33,3,carla,2,2,4,25,29,no,impuesto3,impuesto,100,ninguno,no,no,0,0,9696,9696,3,3
34,4,diego,5,6,11,18,29,no,impuesto3,impuesto,100,ninguno,no,no,0,0,9820,9820,1,1
35,5,elena,3,4,7,25,32,no,verde1,propiedad,300,verde,si,no,0,0,9916,9616,0,1
36,6,fernando,6,1,7,16,23,no,suerte4,suerte,0,ninguno,no,no,0,0,9740,9740,1,1
37,7,gema,2,3,5,21,26,no,estacion3,estacion,200,estacion,no,si,40,40,9840,9800,1,1
38,8,hugo,6,2,8,19,27,no,amarillo1,propiedad,260,amarillo,si,no,0,0,9800,9540,1,2
39,9,irene,2,5,7,19,26,no,estacion3,estacion,200,estacion,no,si,40,40,9768,9728,2,2
40,10,javier,3,5,8,17,25,no,rojo3,propiedad,240,rojo,no,si,48,48,9940,9892,0,0
41,1,ana,4,1,5,26,31,no,carcel,carcel,0,ninguno,no,no,0,0,9880,9880,1,1
42,2,bob,2,5,7,30,37,no,suerte6,suerte,0,ninguno,no,no,0,0,9500,9500,2,2
43,3,carla,1,5,6,29,35,no,verde3,propiedad,320,verde,si,no,0,0,9744,9424,3,4
44,4,diego,4,6,10,29,39,no,impuesto4,impuesto,100,ninguno,no,no,0,0,9820,9820,1,1
45,5,elena,3,1,4,32,36,no,estacion4,estacion,200,estacion,si,no,0,0,9616,9416,1,2
46,6,fernando,3,5,8,23,31,no,carcel,carcel,0,ninguno,no,no,0,0,9740,9740,1,1
47,7,gema,1,4,5,26,31,no,carcel,carcel,0,ninguno,no,no,0,0,9800,9800,1,1
48,8,hugo,3,2,5,27,32,no,verde1,propiedad,300,verde,no,si,60,60,9540,9480,2,2
49,9,irene,2,4,6,26,32,no,verde1,propiedad,300,verde,no,si,60,60,9728,9668,2,2
50,10,javier,3,3,6,25,31,no,carcel,carcel,0,ninguno,no,no,0,0,9892,9892,0,0
51,1,ana,5,6,11,31,2,si,morado1,propiedad,60,morado,si,no,0,0,9880,9820,1,2
52,2,bob,2,4,6,37,3,si,suerte1,suerte,0,ninguno,no,no,0,0,9500,9500,2,2
53,3,carla,6,2,8,35,3,si,suerte1,suerte,0,ninguno,no,no,0,0,9424,9424,4,4
54,4,diego,2,1,3,39,2,si,morado1,propiedad,60,morado,no,si,12,12,9820,9808,1,1
55,5,elena,6,6,12,36,8,si,suerte2,suerte,0,ninguno,no,no,0,0,9536,9536,2,2
56,6,fernando,5,4,9,31,40,no,azul2,propiedad,400,azul,si,no,0,0,9740,9340,1,2
57,7,gema,1,1,2,31,33,no,verde2,propiedad,300,verde,si,no,0,0,9800,9500,1,2
58,8,hugo,4,6,10,32,2,si,morado1,propiedad,60,morado,no,si,12,12,9480,9468,2,2
59,9,irene,6,3,9,32,1,si,salida,salida,0,ninguno,no,no,0,0,9668,9668,2,2
60,10,javier,3,6,9,31,40,no,azul2,propiedad,400,azul,no,si,80,80,9892,9812,0,0
61,1,ana,5,6,11,2,13,no,impuesto2,impuesto,150,ninguno,no,no,0,0,9844,9844,2,2
62,2,bob,4,4,8,3,11,no,visita_carcel,visita_carcel,0,ninguno,no,no,0,0,9500,9500,2,2
63,3,carla,1,6,7,3,10,no,gris3,propiedad,120,gris,no,si,24,24,9424,9400,4,4
64,4,diego,6,2,8,2,10,no,gris3,propiedad,120,gris,no,si,24,24,9808,9784,1,1
65,5,elena,3,6,9,8,17,no,naranja1,propiedad,180,naranja,no,si,36,36,9536,9500,2,2
66,6,fernando,3,1,4,40,4,si,morado2,propiedad,60,morado,si,no,0,0,9420,9360,2,3
67,7,gema,6,6,12,33,5,si,impuesto1,impuesto,200,ninguno,no,no,0,0,9500,9500,2,2
68,8,hugo,6,2,8,2,10,no,gris3,propiedad,120,gris,no,si,24,24,9504,9480,2,2
69,9,irene,4,3,7,1,8,no,suerte2,suerte,0,ninguno,no,no,0,0,9740,9740,2,2
70,10,javier,3,3,6,40,6,si,estacion1,estacion,200,estacion,no,si,40,40,9812,9772,0,0
71,1,ana,5,4,9,13,22,no,rojo1,propiedad,220,rojo,no,si,44,44,9844,9800,2,2
72,2,bob,1,4,5,11,16,no,estacion2,estacion,200,estacion,no,si,40,40,9544,9504,2,2
73,3,carla,3,3,6,10,16,no,estacion2,estacion,200,estacion,no,si,40,40,9400,9360,4,4
74,4,diego,3,3,6,10,16,no,estacion2,estacion,200,estacion,no,si,40,40,9824,9784,1,1
75,5,elena,6,5,11,17,28,no,amarillo2,propiedad,260,amarillo,si,no,0,0,9500,9240,2,3
76,6,fernando,6,3,9,4,13,no,impuesto2,impuesto,150,ninguno,no,no,0,0,9480,9480,3,3
77,7,gema,4,2,6,5,11,no,visita_carcel,visita_carcel,0,ninguno,no,no,0,0,9500,9500,2,2
78,8,hugo,5,3,8,10,18,no,suerte3,suerte,0,ninguno,no,no,0,0,9480,9480,2,2
79,9,irene,6,1,7,8,15,no,rosa3,propiedad,160,rosa,no,si,32,32,9740,9708,2,2
80,10,javier,1,4,5,6,11,no,visita_carcel,visita_carcel,0,ninguno,no,no,0,0,9772,9772,0,0
81,1,ana,3,4,7,22,29,no,impuesto3,impuesto,100,ninguno,no,no,0,0,9800,9800,2,2
82,2,bob,2,6,8,16,24,no,rojo2,propiedad,220,rojo,si,no,0,0,9504,9284,2,3
83,3,carla,5,1,6,16,22,no,rojo1,propiedad,220,rojo,no,si,44,44,9360,9316,4,4
84,4,diego,2,2,4,16,20,no,naranja3,propiedad,200,naranja,si,no,0,0,9784,9584,1,2
85,5,elena,6,6,12,28,40,no,azul2,propiedad,400,azul,no,si,80,80,9240,9160,3,3
86,6,fernando,2,6,8,13,21,no,parking,parking,0,ninguno,no,no,0,0,9560,9560,3,3
87,7,gema,3,2,5,11,16,no,estacion2,estacion,200,estacion,no,si,40,40,9532,9492,2,2
88,8,hugo,1,3,4,18,22,no,rojo1,propiedad,220,rojo,no,si,44,44,9480,9436,2,2
89,9,irene,1,5,6,15,21,no,parking,parking,0,ninguno,no,no,0,0,9708,9708,2,2
90,10,javier,5,5,10,11,21,no,parking,parking,0,ninguno,no,no,0,0,9772,9772,0,0
91,1,ana,2,2,4,29,33,no,verde2,propiedad,300,verde,no,si,60,60,9800,9740,2,2
92,2,bob,5,4,9,24,33,no,verde2,propiedad,300,verde,no,si,60,60,9372,9312,3,3
93,3,carla,5,6,11,22,33,no,verde2,propiedad,300,verde,no,si,60,60,9316,9256,4,4
94,4,diego,4,2,6,20,26,no,estacion3,estacion,200,estacion,no,si,40,40,9584,9544,2,2
95,5,elena,1,4,5,40,5,si,impuesto1,impuesto,200,ninguno,no,no,0,0,9160,9160,3,3
96,6,fernando,4,3,7,21,28,no,amarillo2,propiedad,260,amarillo,no,si,52,52,9600,9548,3,3
97,7,gema,1,1,2,16,18,no,suerte3,suerte,0,ninguno,no,no,0,0,9672,9672,2,2
98,8,hugo,5,4,9,22,31,no,carcel,carcel,0,ninguno,no,no,0,0,9436,9436,2,2
99,9,irene,2,5,7,21,28,no,amarillo2,propiedad,260,amarillo,no,si,52,52,9708,9656,2,2
100,10,javier,4,4,8,21,29,no,impuesto3,impuesto,100,ninguno,no,no,0,0,9772,9772,0,0
